SOINTE LTDA;900441159;sointeltda@hotmail.com
BIENSA SAS;900383746;vicadu@hotmail.com
Denta sas;805008368;denta_ltda@hotmail.com
EMPRESA SOCIAL DEL ESTADO GAMEZA MUNICIPIO SALUDABLE;826001960;esegameza@yahoo.com
ESE HOSPITAL INTEGRADO SAN ROQUE;890203887;HOSPITALSIMACOTA@GMAIL.COM
LIFE NUEVA I.P.S SAS;900827947;nana_gil76@hotmail.com
DIAGNOSIS ORAL E.U.;900261019;DIAGNOSIS.ORAL.EU@HOTMAIL.COM
CENTRO VISUAL OPTICLASS DE LA COSTA IPS S.A.S.;900554916;opticlasscvcartgena@yahoo.com
PALUNA VARGAS ESCOBAR SAS;900882387;luisalberto10_811@hotmail.com
NEUROMENTAL SAS;901011588;neuropsicologo@davidcubillos.com.co
Laboratorio de Citología y Patología CitoPat SAS;900407721;laboratoriocitopat@yahoo.com - citopatsomer@gmail.com
CLINICA SONREIR EU;900178665;sonreireu@hotmail.com
OPTICAS GMO COLOMBIA S.A.S;900108281;yohana.chacon@co.luxottica.com
OIR AUDIOLOGIA E.U;805013255;riverapat59@yahoo.com
COUNTRY SCAN LTDA;800006509;countryscanltda@tacyresonanciadelcountry.com
DUMIAN MÉDICAL S.A.S;805027743;auditoria.pinares@dumianmedical.netsistemas.pinares@dumianmedical.net
DIAGNOSTICOS E.U.;846001425;diagnosticoseu@hotmail.com
RETINA CENTER S.A.S;900932328;dramilenaromer@hotmail.com
EFI CIENCIA OCUPACIONAL LTDA;900380757;eficiencia.ocupacional@gmail.com
CENTRO OFTALMOLOGICO PREVISION PLUS SAS;900418542;centroftalmologicoprevision@hotmail.com
SOCIEDAD DE CIRUGIA OCULAR S A;800231602;INFO@CIRUGIAOCULAR.COM.CO
CENTRO MEDICO DAGUA;800173964;ipscmdagua@hotmail.com
IPS SALUD DEL CARIBE S.A.;806012958;ventas@saluddelcaribe.com
VITALDENT SALUD ORAL S.A.S.;900428368;vitaldent.saludoral@hotmail.com
CORPORACIÓN GÉNESIS SALUD IPS;811041637;luis.gil@genesisips.com.co
ENDODENT S.A.S;901192617;carolinachaverramesa@hotmail.com
PREVILABOR S.A.S;900020613;aistenciasalud@previlabor.com.co
Cristina María Vasco S.A.S.;900459147;crisvasco60@hotmail.com
SOCIEDAD DE UROLOGIA CESAR S. A.S;824005216;UROLOGIACESAR@GMAIL.COM
MEDIFAMILIAR I.P.S S.A.S.;900862859;jaimeacostaps@gmail.com
ORGANIZACIÓN VIHONCO IPS SAS CÚCUTA;900098985;director.cucuta@vihonco.com
CLINICA METROPOLITANA DEL LLANO;834001556;climetrollano@hotmail.com
HOSPITAL SAN JOSE ESE;890700967;gerencia@hospitalsanjoseortega.gov.co
A&A PROTECCION INTEGRAL S.A.S.;900388470;administracion@proteccionintegral.com.co - ordenesyconceptos@proteccionintegral@com.co
IPS COBERTURA INTEGRAL EN SALUD SA COBERSALUD;900211678;cobersalud@une.net.co
OXIVIDAS SAS;900355438;asanint@oxividas.com
CENTRO DE FISIOTERAPIA Y REHABILITACIÓN SAN JUAN S.A.S;901143535;rehabilitamosanjuan@gmail.com
I.P.S SOLOSALUD JD S.A.S;900308897;solosaludmo@hotmail.com
NATURAL BODY CENTER LTDA MEDELLIN;830116823;NATURALBODYCENTERLTDA@HOTMAIL.COM
INMUNOPAT S.A.S.;900164839;inmunopatihq@hotmail.com
CENTRO DE DIAGNOSTICO Y TRATAMIENTO CENDIATRA SOCIEDAD POR ACCIONES SIMPLIFICADAS CENDIATRA SAS;800180176;cendiatra@cendiatra.com
CLINICA DE ESPECIALISTAS GUAJIRA S.A.;900214926;gerenciaclinicaespecialista@gmail.com
Urogin SAS IPS;900543368;juliancano_3@hotmail.com
IPS INDÍGENA MALLAMAS;837000084;leticiacontacto@ipsmallamas
IPS SAEM SALUD S.A.S.;900494090;ipssaemsalud@gmail.com
INVERSIONES DAMA SALUD SAS;830108482;slaplaya@sonria.com.co
INSTITUTO VASCULAR E IMÁGENES DIAGNOSTICAS SAS;900497208;institutovasculareimagenesdiag@gmail.com
COOMEVA ENTIDAD PROMOTORA DE SALUD S A;805000427;milena_garcia@coomeva.com co
Health Safety Management SAS;900573641;hsmbarrancabermeja@gmail.com
CENTRO MEDICO OCUPACIONAL DEL VALLE S.A.S.;900392343;ips.gerencia@gmail.com
CENTRO CARDIOLOGICO LTDA;890503681;centro_cardiologico@hotmail.com
CENTRO NEUROLOGICO DE BOGOTA LIMITADA;860353671;cneurologico@hotmail.com
LABORATORIO MEDICO ECHAVARRIA S.A.S;890906793;gescalidad@labechavarria.com
BLUE LASER MEDICINA INTEGRAL S.A;900073623;clinicabluelaser@yahoo.com
CENTRO DE DIAGNOSTICO Y TRATAMIENTO DE LAS ENFERMEDADES DEL TORAX Y CIA LTDA;900147720;CENESTORAX@HOTMAIL.COM
MEDISIS S.A.S.;830506902;o.rocha@medisis.com.co
MundoDent Clínicas Odontológicas S.A.S;900423879;mundodent.co@hotmail.com
FORJA EMPRESAS SAS;900162688;gerencia@forjaempresas.com
OPTIKUS S.A.;830090640;direccion.administrativa@optikus.com.co, gerencia@optikus.com.co
GOMEZ ESPITIA IPS S.A.S;900696789;tatianaspitiahc@gmail.com
IPS KATIOS RIOSUCIO LTDA;900483570;IPSKATIOS@GMAIL.COM
FERTILITY CARE COLOMBIA S.A.S;901097178;fertilitycare.col@gmail.com
FUNDACION PARA NIÑOS CON NECESIDADES ESPECIALES;900701498;fundanines@gmail.com
MEDISER IPS S.A.S;900089251;mediseripsltda@hotmail.com
UNIDAD DE DIAGNOSTICO ECOGRAFICO FONTIBON I P S SOCIEDAD LIMITADA SU SIGLA ES UDEF I P S LTDA;900181148;unidaddediagnostico2@hotmail.com
CLINICA SAN PABLO SA;890211722;cspablo.gerencia@telmex.net.co
CENTRO ASISTENCIAL DOMICILIARIO S.A.S - SIGLA CENAS S.A.S;900752669;ylmendozag@hotmail.com
OPERADORA DE CLINICAS Y HOSPITALES S.A.OC&H;900285393;unimed_colpatria@hotmail.com
City Ambulancias S A S;900281029;cityambulancias@gmail.com
FUNDACION MAYALERO IPSI;900974450;ipsi.mayalero.21@gmail.com
CMX S.A.S.;900816838;eveleze1@gmail.com
"FUNDACION NEUROVASCULAR Y DE ATENCION INTEGRAL EN SALUD COMP. Y DESAR. HUMAN ""MERRILL SPENCER""";900248872;fcastro13@yahoo.com
FUNDACION NIÑEZ Y DESARROLLO FUNDACION FND COLOMBIA;860034503;informacion@fndcolombia.org
DR JULIO HOOKER DIGEST CENTER S.A.S;900762907;drjuliohookerdigestcenter@outlook.com
CENTROMEDICOSANJUANBAUTISTALTDAIPS;806015120;cmsanjuanbautista@hotmail.com
LABORATORIO CLINICO LA CAROLINA S.A;800111969;CAROLINA@ANDINET.COM
CASA MEDICA DE LA SALUD ITAGUI S.A;890923988;casamedicasalud@gmail.com
CLINICA DE URABA SA;800058856;administracion@clinicadeuraba.com
UNIDAD ODONTOLOGICA DEL SUR SAS;900195466;unidadodontologicadelsur@hotmail.com
MARIA RUBIO CARDOZA E.U;900111155;mariarclab@hotmail.com
EMPRESA SOCIAL DEL ESTADO CENTRO DE SALUD DE RICAURTE;900058218;csricaurteese@yahoo.es
SALUD VITAL Y RIESGOS PROFESIONALES IPS SAS;900077184;gerencia@saludvitalips.com
IPSI PALAIMA;900185729;ipsipalaima@hotmail.com
UNIDAD DE ENDOSCOPIA DIGESTIVA IPS S.A.S;900567300;cabalgastro@hotmail.com
Domisalud del Llano S.A.S;900778518;gerencia@domisaluddelllano.com
CENTRO ODONTOLOGICO DEL VALLE LTDA;805022275;gerencia@clinicanuevasonrisa.com
SALUD VISUAL EMPRESARIAL OCUPACIONAL EU;900135971;saludvisual@saludvisualempresarial.com
CLIVELAM I.P.S. S.A.S.;900318964;SALUD.CLIVELAM@HOTMAIL.COM
LABORATORIO BIOIMAGEN SOCIEDAD LIMITADA;830016595;calidad@bioimagen.com.co
CENTRO DE VIDEO ENDOSCOPIA DIGESTIVA-CEVIED;800237297;administrador@cevied.com
CENTRO DE ACONDICIONAMIENTO Y PREPARACION FISICA WELLNESS CENTER SAS;900394968;gerencia@spinningcentergym.com
CENTRO DERMATOLÓGICO LÁSER PIEL Y BELLEZA S. A. S.;816006442;centrodermatologicolaserpyb@hotmail.com
Laboratorio Clìnico Òscar Collazos y Cìa;800200522;mylabcollazos@hotmail.com
FUNDACION MARIA FORTALEZA;814000463;mariafortaleza@hotmail.com
MEDIALFA S.A.S;900278654;calidadcolombia@medialfa.com
FUNDACION SANTA FE DE BOGOTA;860037950;centro.madrid@fsfb.org.co
ALIRIO GUTIERREZ MILLAN Y CIA SAS UNIDAD DE ATENCIÓN PRIMARIA DARSALUD;830025766;DARSALUD@HOTMAIL.COM
MEDICAL INTERNACIONAL SAS;901015004;administrativo@medicalinternacional.com
BUITRAGO & GRANDAS SAS;900204085;gerencia@oralmedic.com.co
REHABILITAMOS IPS SAS;901143704;celyliliana@hotmail.com
MEDICINA INTENSIVA DEL TOLIMA S.A.;809011517;gerencia@ucihonda.com.co
CENTRO DE REHABILITACIÓN FÍSICA Y ASESORIA SEXUAL CERAS S.A.S.;900357465;delly-navarro2011@hotmail.com
FASALUD IPS S.A.S.;802015154;fasaludips@hotmail.com
J K VACUNAMOS. S.A.S;900319230;jkvacunamos@gmail.com
FUNDACION HOSPITALITO INFANTIL NIÑO DIOS;805001267;hospitalitocali@gmail.com
SYSO CONSULTORES SAS;900694940;syso.ips.centrorehabilitacion@gmail.com
FUNDACION BET SHALOM;819005916;patriciabetshalomips@hotmail.com
IPS MARIA DE LOS ANGELES S.A.S.;900821171;ipsmariadelosangeles1@hotmail.com
CENTRO DE REHABILITACION Y DESARROLLO INTEGRAL IPS S.A.S.;900825715;davidsantiagocujaracosta@gmail.com
FAMILY MEDICAL CARE S.A.S.;900460959;ips.familymedicalcare@gmail.com
FUNDACIÓN SOLIDARIA DEL BAJO BAUDO IPS;818001478;funsobabb@hotmail.com
CARDIORIENTE LTDA CENTRO CARDIOLOGICO DEL ORIENTE;822006883;cardioriente@hotmail.com
ESE CENTRO DE SALUD SAN VICENTE FERRER;820003431;esesaboyasanvicente@msn.com
PATROJA S.A;900142734;oralcenterclinica@yahoo.com
FUNDACION ECOLOGICA AMBIENTAL VIDA NATURAL;802017907;funvinat@hotmail.es
VITALTEST IPS GIRON SAS;900669739;vitaltestmd@gmail.com
HOSPITAL UNIVERSITARIO DE SINCELEJO E.S.E;892280033;hrsincelejo@telecom.com.co
ALIVIAR SERVICIOS DE SALUD S.A.S;805027164;direccion@aliviarss.com
AMBULANCIAS PROYECTAR SAS;900412760;ambulanciasproyectar@hotmail.com
SUMISALUD SINCELEJO IPS LIMITADA;900370808;surticlinicos_ips@hotmail.com
INTEGRADOS EN SALUD IPS LTDA;900220497;integradosensalud@gmail.com
APOYO DIAGNÓSTICO DE COLOMBIA S.A.S.;900786433;caterine.bran@apoyodiagnostico.com.co
LABORATORIO CLINICO DE ESPECIALIDADES BOLIVAR S.A.;804002615;laboratoriobolivar@hotmail.com
ESE CENTRO DE SALUD DE TUBARÁ;802009463;esecentrodesaluddetubara@hotmail.com
REPRESENTACIONES ASESORIAS Y SERVICIOS LIMITADA RAS LTDA;830030009;comercial@rasltdacolombia.com
RTS S.A.S;805011262;juan_gil@baxter.com
Medicina Domiciliaria de Colombia S.A.S.;900348416;medicinadomiciliariadecolombia@hotmail.com
CENFIMAX S.A.S.;900504807;cenfimax@hotmail.com
E.S.E. C.A.M.U. LA APARTADA;812002496;camulaapartada@yahoo.es
CENTRO MÉDICO SINAPSIS IPS S.A.;900239673;gerencia@cmsinapsis.com.co
CARDIODIAGNOSTICO IBAGUE SAS;900351406;cardiocegar@hotmail.com
FISIODEMIND IPS S.A.S.;900927665;fisiodemindips@outlook.es
DENTAL LINE E.U.;900171194;wilsonfa1@hotmail.com
La dentisteria Clinica de Especialistas S.A.S;900847386;ladentisteria.ce@gmail.com
FRESENIUS MEDICAL CARE COLOMBIA S.A.;830007355;Alicia.Rodriguez@fmc-ag.com
SOMMOS MEDICINA ESPECIALIZADA SAS;900509128;sommos@me.com
ORTHOPLAN TODAVIA CON LOS DIENTES TORCIDOS CALI SAS;900242909;betan84@hotmail.com
CARDIO ANDES SAS;900689334;cardioandesinfo@gmail.com
REUMATOLOGYA S A;800200150;reumatologya@une.net.co
EMERMEDICA S.A. SERVICIOS DE AMBULANCIA PREPAGADOS;800126785;carlos_lozano@emermedica.com.co
SOCIEDAD DE REHABILITACION SORE LTDA;800180081;soreltda@hotmail.com
MEDPLUS CENTRO DE RECUPERACION INTEGRAL SAS;900496494;grupomedplus@medplus.com.co
IPS DE HABILITACION Y REHABILITACION MENTE ACTIVA;900812283;ipsmenteactiva@hotmail.com
CLINICA DE OJOS DEL TOLIMA S.A.S;809001482;clotol@hotmail.com
CENTRO DE REHABILITACION FISICA Y ESTETICA IPS EU;806015513;crefelo.ips@hotmail.com
IPS Laboratorio y Optica Berrio SAS;900648107;laboratorioyoptcaberrio@hotmail.com
EMPRESA SOCIAL DEL ESTADO HOSPITAL SAN ANTONIO DE SOATA;891800611;correspondencia@hospisoata.gov.co
E&G MÉDICOS IPS SAS;900704496;egmedicos@outlook.es
UNIDAD MEDICA Y ODONTOLOGICA SANTA PILAR E.U.;900173431;otaloramancilla@etb.net.co
I.P.S. SALUMED LTDA;812001793;ipssalumed@gmail.com - ipssalumed@yahoo.es
"CORPORACION INSTITUCION PRESTADORA DE SERVICIOS DE SALUD "" IPS GORDITOS DE CORAZON""";900294093;cordinadora.gorditosdecorazon@gmail.com
SOLIDARIOS SALUD IPS LIMITADA;900238912;solidariossalud@gmail.co
SERVIR SAS;809006277;informacion@servirsas.com
laboratorios Medicos de Avanzada Tecnologia Ltda;800208557;labo.mat@hotmail.com
IPS ESPERANZAS DE VIDA SAS;900754259;ipsesperanzasdevida@gmail.com
CORPORACION CENTRO DE RECURSOS INTEGRALES PARA LA FAMILIA CERFAMI;800102505;cerfami@une.net.co
CERO 70 S.A.S.;811031311;jimena.morales@cero70.com
E.S.E. CENTRO DE SALUD VIRGEN DE LOURDES;900142579;mariluzmoncayo@gmail.com
OPTICA OFTALMICA CALI S.A.S.;900263363;oftalmica_margarita@hotmail.com
IPS DOTACIONES Y SUMINISTRO DE MI PUEBLO LTDA;900116897;dotacioysuministrosdemipueblo@gmail.com
SANAMEDIC SOCIEDAD POR ACCIONES SIMPLIFICADA - S.A.S;900155231;sanamedic@gmail.com
EMPRESA SOCIAL DEL ESTADO HOSPITAL SAN JOSÉ DE MARSELLA;891408747;gerencia@hospitalsanjosemarsella.gov.co
GLOBALSALUD MAGANGUE IPS Y CIA LTDA;806010021;unimedicsolidaria_ips@yahoo.es
IPS ESPECIALIZADA BUCARAMANGA;900293923;calidad@ipsespecializada.com.co
MEDFAM S.A.S.;900243869;ipsmedfamsas@gmail.com
UNIDAD DERMATOLOGICA DE FOTOTERAPIA SAS;800207897;gerencia@udf.com.co
CIRUGÍA PLÁSTICA MEDELLÍN S.A.S;900772734;info@felipe-martinez.com
HAIR DOCTORS AND HAIR HEALTH S.A.S;900358077;drcamacho@hairdoctors.com.co
UNIDAD MEDICA INTEGRAL MOTUS IPS SAS;900867338;Motus.integral@gmail.com
MEDICAMENTOS ESPECIALIZADOS S.A.S;805030765;mauricio.bonilla@medex.com.co
CENTRO DE SALUD ANCUYA E.S.E.;900000410;ancuyaese@gmail.com
IPS BIENESTAR EN CASA SAS;900473087;bienestarencasa06@gmail.com
CENTRO DE REHABILITACION INTEGRAL CENDAL SAS;900610207;centrocendal@yahoo.com
CORVESALUD S.A.S;830007229;gerencia@corvesalud.com
SYNAPSIS S.A.S.;900482620;carlosvillegas@synapsis.co
CENTRO SALUD BURITICA S.A.S;900732755;centrosaludburitica@gmail.com
EVALUA SALUD IPS SAS;900380150;evaluasalud@gmail.com
FUNDACIÓN ARCA MUNDIAL;811038083;arcamundial@une.net.co, restrepoeugenia4@gmail.com
CLINICA REGIONAL INMACULADA CONCEPCION;819001895;CLINICAINMACULADA@YAHOO.ES
ODONTOPLUSR&O LTDA;900242759;doraropain@yahoo.es
ASCLEPIOS I.P.S. S.A.S.;900578890;asclepiosips2013@hotmail.com
SMS SPECIALIZED MEDICAL S.A.S;900469327;specializedmed@hotmail.com
ESE HOSPITAL DEPARTAMENTAL CENTENARIO DE SEVILLA;821003143;hospital@hdcentenario.gov.co
SEYSOL GROUP S.A.S;900972491;info@seysolgroup.com
MEDICOS ASOCIADOS S.A.;860066191;calidad@mediasociados.com.co
RAODI SAS;900300160;raodi_rx@hotmail.com
CORPORACION IPS CEDISALUD;900467430;calidad@cedisalud.com
UNIDAD MEDICA GASTRICA S.A.S. UNIMEGAS;900429130;unimegasas@gmail.com
UNIDAD RENAL DEL MAGDALENA;819000095;unidadrenalmag@hotmail.com
IPS ARANASALUD S.A.S.;900320435;ipsaranasalud@hotmail.com
CENTRO DE SALUD ILES E.S.E.;814006632;centrodesaludilesese@yahoo.es
CLINISALUD DEL SUR S.A.S.;900145713;gerencia@clinisalud.com.co
INNOVAGENOMICS COLOMBIA SAS SIGLA INNOVAGENOMICS SAS;900800124;innovagenomicscolombia@gmail.com
corporacion social colombia viva;900205238;gilarialdo@hotmail.com
TU SALUD PLUS IPS S.A.S;900869605;tusaludplus@hotmail.com
ASISTENCIAS INTEGRALES IPS SAS;900294588;AINCOSTAIPS@HOTMAIL.COM
SALUD TOTAL EPS-S S.A.;800130907;EfrainGN@saludtotal.com.co
IPS LOS ROBLES MEDICINA ESPECIALIZADA;900871128;ipslosrobles@gmail.com
REVISAVIAE LTDA;800218902;revisaviae@yahoo.es
HEALTH SMILE;900361071;hsclinicaodontologica@hotmail.com
UNIDAD QUIRURGICA LOS ALPES SAS;830073010;info@mediport.com.co
CENTRO DE AYUDAS DIAGNOSTICAS MAXILOFACIAL SOCIEDAD POR ACCIONES SIMPLIFICADA - CADMAZ S.A.S;900142849;gerencia.cadmax@une.net.co
ENDOVIDEO 2000 LTDA;800188304;endovideo2000@hotmail.com
CENTRO DE VACUNAS MEDICAL CARE LTDA;900189662;medcare.ltda@hotmail.com
AQM GRUPO EMPRESARIAL SAS;900782892;nelsonpelaez@aqmgrupoempresarial.com
OPTICOSTA IPS SINCELEJO;900541703;OPTICOSTAIPSSINCELEJO@GMAIL.COM
INSTITUTO CANCEROLÓGICO DE NARIÑO LIMITADA;814006009;administracion@icnltda.com
PASSUS IPS TALLER PSICOMOTRIZ SAS;900308007;acabalga@yahoo.com
ECHEVERRY & CASTRO GRUPO DENTAL S.A.S;900960258;paolac@echeverrycastrogrupodental.com
HUMANA-VITAL S.A.S;900217648;humanavitals.a.s@hotmail.com
FUNDACIÓN CAMPBELL;900002780;cadidad@clinicacampbell.com.co
ORTOPEDIA MINIMAMENTE INVASIVA S.A.S.;900110631;omimed.ltda@gmail.com
CAJA DE COMPENSACION FAMILIAR DE CALDAS;890806490;gestiondecalidad.salud@confamiliares.com
PAUCA ASOCIADOS SAS;900723453;coordinacion@cedilab.com.co
E.S.E HOSPITAL INTEGRADO SAN ROQUE;890202066;hospitalcuriti01@gmail.com
CENTRO DE DIAGNOSTICO Y CIRUGIA OCULAR CEDCO S.A.S;804013775;contratacion@cedco.com.co
NACER MOMPOX IPS SAS;900797596;nacerips@yahoo.com
VIVESSALUD EJE CAFETERO S.A.S.;900617997;calidad@vivessalud.com
ACCIONES Y ESTRATEGIAS TERAPEUTICAS S.A.S.;900338732;info@accesterapeuticas.com
NUEVA ESE HOSPITAL SAN RAFAEL JERICO;890980765;jerihs01@gmail.com
CENTRO MEDICO SAN JUAN BAUTISTA IPS LTDA;806015120;cmsanjuanbautista@hotmail.com
FUTUMEDICA PLUS NS Nº 2;900492836;futumedicaplus@yahoo.es
CENTRO DE TERAPIA OCUPACIONAL LTDA;860352078;centrodeT.O@gmail.com
taakwatungua ipsi s.a.s;900604629;taakwatunguaipsi@hotmail.com
ANGEL DIAGNOSTICA S.A;805013591;vilma_velasquez@angel.com.co
CALIDAD MEDICA IPS SAS;802013872;martha_gdp@hotmail.com
OPTICA CIO CR PLATINIUM S A S;900316429;ciover2010@hotmail.com
ESE HOSPITAL SAN JOSE DE TIERRALTA;812000317;calidadhospitalsanjoset@gmail.com
HOSPITAL SAN VICENTE FERRER ESE;891900390;ventanillaunica@hospitalsanvicenteferrer.gov.co
ORL BOSQUE LTDA;830076034;ORLBOSQUE@HOTMAIL.COMÇ
UNIDAD DE DIAGNOSTICO POR IMAGEN DIAGNOSTICAR S.A.S.;818000989;diagnosticarips@yahoo.es
SOMEDIAG LTDA;800201392;somediag@hotmail.com
Clínicas Audiológicas de Colombia;901026096;gerencia@clinicasaudiologicasdecolombia.com
ATARDECER DE LOS AÑOS LTDA;800118223;MRBELTRAN@DIVEO.NET.CO
OXIGENOS DEL ORIENTE SAS;830103693;gerencia@oxioriente.com.co
CENTRO PENSAR LIMITADA;830077128;centropensar@gmail.com
INSUEÑO S.A.S.;900834619;admong.insueno@gmail.com
PSIQUEM S.A.S;900491337;marcelo.viafara@gmail.com
INSTITUTO RADIOLOGICO ESPINAL LTDA;890705657;insradiol@yahoo.es
FUNDACION COLOMBIANA PARA EL DIAGNOSTICO Y TRATAMIENTO DE LAS ARRITMIAS CARDIACAS FUNDARRITMIA;900028377;fundarritmia@gmail.com
CLINICA DE FRACTURAS S.A.S;891411743;gerencia@clinicadefracturas.co
LABINTOX S.A.S;800165047;LABINTOX@HOTMAIL.COM
IPS ODONTOLOGICA Y MEDICA ZAMUDIO S.A.S.;900540762;ipszamudio02@gmail.com
ESE CENTRO DE SALUD JUAN SOLERI;804007611;esejusoleri06@hotmail.com
UNIDAD PRESTADORA DE SERVICIOS DE SALUD MENTAL LTDA;900986941;racosda.1024@hotmail.com
Guiar Salud IPS Y HSEQS EN CS;830098226;sqguiarsalud@hotmail.com
CLI-D- DENTAL SAS;900264975;escandondentalc@hotmail.com
MED&LAB SM SAS;901054238;MEDYLAB.SM@GMAIL.COM
CIMA OCUPACIONAL S.A.S;900960456;direccion@cimaocupacional.com.co
UNIDAD MEDICA INTEGRAL-CLINICA DE HERIDAS CONVIDA S.A.S;900789534;unidadmedicaintegralclinica@gmail.com
Asisstanza IPS - SAS;900892703;asisstanza@gmail.com
TE OIGO, CENTRO AUDIOLOGICO S.A.S.;900292014;teoigo.josefita.marceles@gmail.com
HERES SALUD LTDA;819004134;info@heresips.com.co
PRISMA ODONTOLOGIA ESTETICA S.A.S;900766699;odontologiaprisma@hotmail.com
FUNDACION PARA LA PROMOCION DE LA SALUD Y PREVENCION DE LA ENFERMEDAD RENAL;805031507;contabilidad@prevrenal.org
INTERSALUD META;900366221;intesad@hotmail.com
CENTRO MÉDICO COLSANITAS MONTERIA;800149384;sfiguero@colsanitas.com
INVERSIONES GRUPO ORAL SAS;900098622;angeecruz@hotmail.com
IPS MEDICINA ESPECIALIZADA DE COLOMBIA;900987507;isacu70@hotmail.com
FUNDACION MISION SALUD;900243760;fundacionmisionsalud@gmail.com
monturas y lentes M & L S.A.S;900407660;claegramo@hotmail.com
SOCIEDAD DE PATOLOGOS DE CORDOBA LTDA;812003272;sopacor@gmail.com
IPS MI SALUD EN CASA SAS;900779990;IPSMISALUDENCASA@hotmail.com
ESE HOSPITAL FRANCISCO CANOSSA;800150497;hfcesegerencia@hotmail.com
CLINICA FAME IPS S.A;900009347;camelia0603@hotmail.com
CENTRO DE ASESORIA Y ASISTENCIA INTREGRAL EN MEDICINA ESPECIALIZADA S.A.S;900940324;ipscamesas@hotmail.com
CLINICA FERNANDO VANEGAS CANO LTDA.;900076452;vanegas_cano@yahoo.com
LABORATORIO CLINICO DE CALDAS IPS LTDA;900257266;laboratorioclinicocaldas@gmail.com
ACOUSTIC SYSTEM S.A.S.;805001506;servicio@acousticsystem.com
INVERSIONES PALACIO CASTAÑO S.A.S;900097654;corpolaser@corpolaser.com.co
CIRUGIA LAPAROSCOPICA DEL CAUCA SAS;900448056;cilacasas@gmail.com
I.P.S ARCANGEL ZADKIEL LTDA;900206971;ajpalaciosr@hotmail.com
INTEGRAL SOLUTIONS SD SAS;900348830;gdiaz@integralsolutionssd.com
CLINICA CHICAMOCHA S.A;890209698;planeacion@clinicachicamocha.com
REINTEGRAR SALUD IPS SAS;901095719;reintegrarsalud@outlook.com
LAURITA-CORPORACION PARA EL DESARROLLO INTEGRAL LTDA;900130598;corporacionlaurita@hotmail.com
MEDICAL LEGAL CONSULTING LTDA;830114725;medialbrigada_ltda@outlook.com
GRUPO EMERGER SERVICIOS ESPECIALES EN SALUD IPS SAS;900386262;direccion@grupoemerger.com.co
MEDICINA FETAL SAS;900213214;medicinafetal3@une.net.co
INTEGRAL AUDIT S.A.S;900660336;integralauditsas@hotmail.com
FUNDACION CENTRO DE REHABILITACION DEL NIÑO ESPECIAL CERES;808000024;ceresadmon@gmail.com
REHABILITAR CUCUTA LTDA;900132876;rehabilitarcucuta.lider2@gmail.com, rehabilitarcucuta.gerencia@gmail.com
ORGANIZACIÓN VIHONCO IPS S.A.S.;900098985;director.cartagena@vihonco.com
POR TU SALUD Y BIENESTAR IPS S.A.S;901117827;blanca.quintero08@hotmail.com
optica ocampo eu;900250123;admin@opticaocampo.com
E.S.E. CENTRO DE SALUD BELEN;814001677;esecsb@gmail.com
CLINICA CENTRAL SOMEBA S A;890938987;clinicacentral@edatel.net.co
MILAGROSA DE SERVICIOS LTDA;900181443;"milagrosadeservicios""hotmail.com"
ESE HOSPITAL LOCAL SANTA MARIA;806007257;gerencia@esesantamariamompox.gov.co - yolepisis@hotmail.com
EMPRESA SOCIAL DEL ESTADO HOSPITAL BENJAMIN BARNEY GASCA;891380055;hospitalfloridavalle@gmail.com
PATOLAB RX LTDA;800145502;ESPITIA70@NEUTEL.COM
OPTIFAM OPTICA FAMILIAR SAS;900741367;patricia_abril@hotmail.com
E.S.E HOSPITAL EL CARMEN;890982101;hospitalamalfi@gmail.com
CAL ONCOLOGICOS LTDA;804014898;caloncologicos@gmail.com
CENTRO MEDICO ARIZALUD S A S;900399004;arizalud@gmail.com
FUNDACION LIGA COLOMBIANA CONTRA LA EPILEPSIA CAPITULO VALLE HELENA NADER DE ZACCOUR (LICCE);890319230;direccion@epilepsiavalle.com,cramirezb14@hotmail.com
ODONTOMEDIC IPS SAS;900014435;odontomedicips@gmail.com
CENTRO DE LITOTRIPSIA DEL CESAR;824001920;urologia98osw@hotmail.com
CAMINO A LA VIDA CAD IPS;901043659;caminoalavidacadipsas@gmail.com
INSTITUTO NEURO CARDIOVASCULAR S.A.S INCAVAS S.A.S.;900675355;edgarpabonvelasco@gmail.com
GRUPO MEDICO ODONTOLOGICO COLOMBIANO DE SALUD COLSALUD LTDA SEDE I;805003826;gerenciacolsaludsas@gmail.com
IPS-CLINICA BETEL S.A.S.;900744456;ipsclinicabetel@gmail.com
I.PS. PATOLOGOS ASOCIADOS DE SUCRE LTDA;823000571;patologosasociadosdesucreltda@hotmail.com y scarlethtamarao@hotmail.com
FUNDACION LA MANO DE DIOS;900004312;funmanodedios2012@hotmail.com
ORAL ESTETIC GROUP S.A.S;900240492;oralestetic@une.net.co
SOCIEDAD CLINICA EMCOSALUD S.A.;813005431;emcosalud@emcosalud.com
Estética Oral del Llano sas.;900394742;flechas4@hotmail.com
GRUPO OPTICO DEL CARIBE RUEDA S.A.S.;900947289;grupoopticodelcaribesas@hotmail.com
CARDIOCENTER BARRANQUILLA LTDA;802020716;cardiocenterbq@hotmail.com
ASPRODONTO SAS;801001969;asprodonto@gmail.com
salud ocupacional total s.a.s;900408285;saludocupacionaltotal@hotmail.com
CLINICA REINA LUCIA SAS;900936058;clinicareinalucia@hotmail.com
GRUPO ODONTOLOGICAS SAS;900334325;cocprado@gmail.com
CENTRO DE SALUD SAN ISIDRO IPS;830138765;fundacionhuntsmancolombia@hotmail.com
CLINICA INTERNACIONAL DE CIRUGIA S.A.S;800074904;clinsassantacatalina@hotmail.com
ESE HOSPITAL SAN ISIDRO;800193392;girahs01@edatel.net.co
ADVANTAGE HEALTHCARE CENTER S.A.S;900725867;luis.londono@ahc.com.co
MEDICAL GLOBAL CENTER SAS;900437951;medicalgloball@gmail.com
BOSTON MEDICAL CARE SAS IPS;900301238;constanza.cabrera@convatec.com
SOCIEDAD MEDICA GENERAL LTDA - SOMEGA LTDA;800149633;somega_ltda@yahoo.com
Savanna Clínica Odontologica S.A.S;900522173;info@savannaodontologia.com
ESE HOSPITAL SAN FERNANDO;890906346;esehospitalamaga@hotmail.com
FUNDACION SONREIR;824000443;funsonreir96@hotmail.com
IPS CREER Y CRECER S.A.S COMUNIDAD TERAPEUTICA;900491808;creercrecerips@hotmail.com
SURGYMAX ODONTOLÓGICA S.A.S;901139897;jtirador70@hotmail.com
Fundacion Conexion IPS;900436223;neuroconexion@hotmail.com
RETOKIDS S.A.S;900909103;retokids@hotmail.com
NACER SERVICIOS ESPECIALIZADOS EN REPRODUCCIÓN Y GENÉTICA LIMITADA;804002561;info@nacer.com.co
Fundacion Despertar Choco;900572393;arysto2@hotmail.com
SOCIEDAD ESPECIALIZADA EN SERVICIOS DE SALUD - SSIMA;900350646;ssimasalud@gmail.com
FUNDACION OFTALMOLOGICA COLOMBIANA - PROVISION;890982555;clvc@une.net.co
E.S.E. CENTRO DE SALUD LUIS LANCHEROS;820003571;esecoper@yahoo.com
ATENCIÓN MÉDICA INTEGRAL MIRTIS S.A.S;900805371;amirtis.s.a.s@gmail.com
I.P.S EFAS DISTRIBUCIONES S.A.S.;900517852;ipsefasdistribuciones@hotmail.com
GRUPO SINAPSIS;900821753;gruposinapsis.ips@mail.com
BIENESTAR MENTAL DEL CARIBE S.A.S.;900869058;guidonb@hotmail.com
DIAGNOSTIMED S.A.;830514240;diagnostimed@une.net.co
UNIDAD MEDICA INTEGRAL DE TRANSTORNOS DE SOBREPESO Y OBESIDAD - UNIMSOB LTDA;900082463;jochamorromendivil@hotmail.com
EL OASIS NAZARETH CAD I.P.S S.A.S;901091658;rafamd24@outlook.com
ALSAVI BACTERIOLOGOS ASOCIADOS LIMITADA;900011615;alsavibacteriologos@yahoo.es
E.S.E. HOSPITAL INTEGRADO SABANA DE TORRES;800064543;hospitalst@hotmail.com
HEALTH MEDICAL CENTER S.A.S.;900519999;wsr7@hotmail.com
C.R.C DE SUCRE S.A.S.;901153695;crcdesucre@gmail.com
SALUD DOMICILIARIA INTEGRAL DEL CARIBE SAS;900993679;coord.servicio@sadinca.co
GONAWINDUA ETTE ENNAKA IPS INDIGENA;819003539;leyuman@gmail.com
HOSPITAL SAN JOSE DE AGUADAS ESE;890801035;gerencia@hospitaldeaguadas.gov.co
ZONAMEDICA MR SAS;900170994;zonamedica.ips@gmail.com
IPS SALUD SOLANGEL S.A.S;900791232;ipssaludsolangel@gmail.com
LABORATORIO CLINICO DE DIAGNOSTICO ANA MARIA VOLLERT LTDA;830002464;direccionadministrativa@valorar.com.co
HEALTH CENTER;900593974;centromedicohealthcenter@gmail.com
EMPRESA SOCIAL DEL ESTADO HOSPITAL SAN MARTIN DE PORRES;890982153;hsmpgerencia@gmail.com
CENTRO DE EXPERTOS PARA LA ATENCION INTEGRAL IPS SAS;900772053;cgarciacr@cepain.com.co
NATURAL BODY CENTER LTDA;830116823;mariacolpa@naturalbodycenter.com
IPS VACUNAR COLOMBIA SAS;900394707;vacunarolaya@gmail.com
ODONTOIMAGEN PEREIRA S.A.S.;900520679;odontoimagenpereira@hotmail.com
NEURODINAMIA S.A;806013568;rdcalpe@hotmail.com
CLINICA COLSANITAS S.A.;800149384;sfiguero@colsanitas.com
OPTIKUS S.A.;830090640;gerencia.general@optikus.com.co
CARDIOLOGIA SIGLO XXI;900600212;cardiologiasigloxxi@gmail.com
UNIDAD VASCULAR Y DERMATOLOGICA SAS;900973467;cxendovascularydermatologica@gmail.com
URGETRAUMA SAN FERNANDO S.A.S.;901081281;juridaurg@vallesaludips.com
Fundación Florecer Salud Integral;900005301;fundaflorecer@gmail.com
CLINICA COLSANITAS SA;800149384;mrodelo@colsanitas.com
CLINICA VISION CABAL S.A.S.;900537929;clinicavisioncabal@hotmail.com
EMPRESA SOCIAL DEL ESTADO HOSPITAL SANDIEGO DE CERETE;891080015;esehospitalsandiego@yahoo.es
I.P.S.I. ANENU-JIA;900592962;ipsianenu-jia@hotmail.com
DENTIST FOR KIDS SAS;900457193;denticedritos@gmail.com
LABORATORIO CLINICO DE CITOLOGIA Y PATOLOGIA S.A.S.;890311431;JUAN_CUERVO@SDMDIAGNOSTICO.COM
RX DIGITAL IPS SAS;900882083;luiseduardo@yahoo.com
SALUD RENAL S.A.;900141467;diradministrativa@saludrenal.org
M & M DIAGNOSTICO LTDA;900111405;mymlab@gmail.com
VILLA76 INSTITUTO DE PSICOTERAPIA S.A.S.;800006690;gerencia@clinicavilla76.com
ESPECIALISTA EN TAREAS DE ALTO RIESGO S.A.S;900727387;estari.info@gmail.com
SALUD TOTAL EPS-S S.A.;800130907;www.saludtotal.com.com
EMPRESA SOCIAL DEL ESTADO HOSPITAL SANTA ANA;800254850;esehospitalsantaana@yahoo.com
CENTRO ODONTOLÓGICO ORALSALUD;900431019;wilcor70@gmail.com
DENSIMAG LTDA;819001512;densimag@gmail.com
SERVIMED INSTITUCION PRESTADORA DE SERVICIOS DE SALUD S.A. SERVIMED I.P.S. S.A.;830002272;direccioncalidad@servimedips.com
CENTRO ELECTRO AUDITIVO NACIONAL AL SERVICIO DE LA REHABILITACION SAS;890316171;ceansa@etb.net.co
ESE CENTRO DE SALUD SAN BERNARDO;900134576;esesanbernardo@hotmail.com
ESTRIOS SAS;806011261;a.lemus@estriossas.com
SALUD ES VIVIR IPS S.A.S;900779100;saludesvivirips@outlook.com
Institucion Universitaria Escuela Nacional del Deporte;805001868;rectoria@endeporte.edu.co
IMAGENOLOGIA DEL MAGDALENA CENTRO RADIOLOGICO SAS;900302843;imagenologiadelmagdalena@hotmail.com
CENTRO DE TERAPIAS OCUFILEN LTDA;830104166;OCUFILEN@HOTMAIL.COM
fundacion desarrollo humano juan carlos marrugo vega;806015067;fundesarrollojcmarrugovega@gmai.com
CLINIMAGENES SAS;900701342;clinimagenes.sas@hotmail.com
HENAO ARISMENDY DENTAL S.A.S;900741419;nataliahenao@yahool.es
AUDIFONOS ALCIRA RAMIREZ S A S;900232301;ventas@audifonosalcira.com
OPTIKUS S.A.;830090640;gerencia.general@optikus.com.co
OPTICAS VARGAS PEREZ LTDA;900159822;opticaitaliana895@hotmail.com
UNIDAD MEDICA SAN AGUSTIN S.A.S;901096047;luis_gregorio_a1@hotmail.com
EXAMINAR IPS SAS;830142393;examinaripseu@hotmail.com
VILLACOLOMBIA CENTRO MEDICO SAS;900787773;cmv_colombia@hotmail.com
AEROSANIDAD SAS;900236791;barranquilla@aerosanidadsas.com
THERAPY AND TECHNOLOGY AT HOME - TTH SAS;900964062;info@therapyth.com
IMAGEN Y RADIOLOGIA ORAL SAS SIGLA IRO SAS;900108627;irodigital@gmail.com
JORGE JULIO RAMIREZ DUQUE S.A.S;900333546;opticadelpacifico@yahoo.es
I.P.S SALUD ANGEL E.U;900172317;i.p.s.saludangele.u@hotmail.com
CENTRO NACIONAL DE ONCOLOGIA S.A.;804013017;j.salcedo@centronacionaldeoncologia.com
Vital Caribe SAS;900827631;vitalcaribe@vitalcaribe.com
MULTISONRISAS S.A.S;900363849;multisonrisas10@gmail.com
ATECHDENTAL SAS;900306631;atechdental@hotmail.com
FAMILY MEDICAL ASSISTANCE SAS;900463174;saludsinsaladeespera@familymedicalassistance.com
IPS POR MI VIDA Y MI FAMILIA S.A.S;900812223;ipspormividaymifamiliasas@gmail.com
COTIDIANO Y FAMILIAR INSTITUCIÓN PRESTADORA EN SERVICIOS DE SALUD SAS CYF IPS SAS;900727259;contacto@cotidianoyfamiliar.com.co
I.P.S. CENTRO DE REHABILITACION INTEGRAL SAOMY S.A.S;900814635;saomy2015@hotmail.com
LABORATORIO CLINICO DEL SUR LIMITADA;811040009;labclinicocaldas@hotmail.com
ESE HOSPITAL SAN RAFAEL DE MATANZA;890210222;hospitalmatanza05@yahoo.com
MESALUD LIMITADA;808000299;jancafo@hotmail.com
RADIOLOGIA Y MEDICINA NUCLEAR DE LA SABANA SAS RADIONUCLEAR SAS;800033745;RADIONUCLEAR@HOTMAIL.COM
CORPORACION PARA LA ATENCION Y EL DIAGNOSTICO DE ENFERMEDADES MILAGROZ;900013939;dss@corporacionmilagroz.com
MEDICINA Y TERAPIAS DOMICILIARIAS S.A.S.;900826841;contacto@meditep.com.co
CENTRO MEDICO OFTALMOLOGICO Y LABORATORIO CLINICO ANDRADE NARVAEZ COLCAN S.A.S.;800066001;direccioncalidad@laboratoriocolcan.com
AREAS ODONTOLOGICAS S.A.S.;900332706;gerencia@artebucal.com.co
COLFISIOS LTDA;800142589;napatri@yahoo.com
EMPRESA SOCIAL DEL ESTADO HORACIO MUÑOZ SUESCUN;890982184;sopehs01@edatel.net.co
INSTITUCIÓN PRESTADORA DE SERVICIOS DE SALUD INDIGENA ESSALUD YAGUARA IPS-I;809011682;essaludyaguaraipsi@gmail.com
INVERSIONES DAMA SALUD SAS;830108482;scevillar@sonria.com.co/eandrade@sonria.com.co
LABORATORIO CLINICO COLMEDICOS IPS S.A.S - COLMEDICOS S.A.S;800049104;michelle.raigoza@colmedicos.com
IPS REACT REHABILITACION Y ACTIVIDAD FISICA S.A.S.;900370593;ipsreact@hotmail.com
CENTRO DE MEDICINA NUCLEAR DEL CARIBE;890405142;medinucleardelcaribe@hotmail.com
PH MEDICAL S.A.S;900135550;phmedicalsantamarta@gmail.com
INSTITUCION PRESTADORA DE SERVICIOS ODONTOLOGICOS I.P.S.O S.A.S;805001648;ipso@ipsodontologica.com
Fundacion Madre Herlinda Moises - Centro Medico Monseñor Ruben Isaza Restrepo;890480382;contacto@fundacionmadreherlindamoises.org.co
CORVESALUD S.A.S;830007229;gerencia@corvesalud.com
Fundación Libertad;900920246;clinicalibertadbc@gmail.com
Unidad Médica Especializada en Nutrición y Heridas Lucas S.A.S.;900644047;Umelucas@gmail.com
CLINICA GENERAL DE SUCRE LIMITADA;823002642;clinicageneraldesucre@yahoo.com
LABORATORIO CLINICO ROJAS GOMEZ Y COMPAÑIA S.A.S.;800015826;LABORATORIOCILIAROJAS@HOTMAIL.COM
MEDIASISTIR SAS;900896433;mediasistir@hotmail.com
Complejo Internacional de Cirugia Plastica S.A.;900218008;administracion@cicp.co
NEUROLOGICA SANTA CLARA;900011199;paulohurtado@yahoo.com
D&G ARTE DENTAL SAS;900734364;info@dgartedental.com
EMPRESA SOCIAL DEL ESTADO CENTRO DE REHABILITACION INTEGRAL DE BOYACA;891800982;info@cribsaludmental.gov.co - calidad@cribsaludmental.gov.co
IPS TODO DROGAS SAS;830500960;gerencia@todo-drogas.com
CENTRO INTEGRAL DE DIAGNOSTICO MEDICO I.P.S. S.A.S.;900717202;cidimsas@gmail.com-portillaoap@hotmail.com
DIAGNÓSTICO VASCULAR S.A.S;900624302;hamirandaro@gmail.com
ASOCIACION DE LA RED PARA LA ATENCION PREHOSPITALARIA Y DE URGENCIAS DEL ALTIPLANO DEL ORIENTE ANTIOQUEÑO SAPHIO;900103747;emedoriente@gmail.com
AESTHETIC BODY CENTER S.A.S.;900410413;ivanh41@hotmail.com
BOCAS CLÍNICA ODONTOLOGICA BR S.A.S;900514098;gerenciabocas@gmail.com
ORTHOIMPLANT SAS;900229521;orthoimplantgda@yahoo.com
DMM DIPROMEDICAL ANDINA IPS S.A.S.;900285746;dmmdipromedical@hotmail.com
Health Cars SAS;900958115;n.lara@healthcarssas.com
RED DE CLINICAS ODONTOLOGICAS NOVO SAS;901116618;NOVODIRECCION@GMAIL.COM
Laboratorio de Patologia Susana Restrepo S.A.S.;900437286;labsus211@yahoo.com
EMPRESA SOCIAL DEL ESTADO HOSPITAL REGIONAL DEL MAGDALENA MEDIO;900136865;secgerencia@esehospitalrmm.gov.co
ESE CENTRO DE SALUD SAN ANTONIO DE SOCOTÁ;826002060;esesanantoniosocota@hotmail.com
CENTRO ELECTRO AUDITIVO NACIONAL AL SERVICIO DE LA REHABILITACION SAS;890316171;barranquilla@ipsceansas.com
proteccion integral ips sas;900668559;proteccionintegralips@gmail.com
SERVICIOS MEDICOS INTEGRALES BERNARDO HOUSSAY LTDA IPS;802015727;ipsbernardohoussay@hotmail.com
CENTRO MEDICO OCUPACIONAL CMO SAS;900761915;cmo.saludocupacional@hotmail.com
ESE HOSPITAL DEPARTAMENTAL SAN JOSE DE NEIRA;890801562;notificaciones@esehospitalsanjosedeneira.gov.co
ATENCION MEDICA DE COLOMBIA S.A.S;900073674;atencionmedicadecolombiasas@gmail.com
SALUD PARA TODOS CHOCO IPS S.A.S;901152666;saludparatodoschocoipssas@hotmail.com
CLINICA LUIS ALEJANDRO HERNANDEZ BARRERA S.A.S;900612861;luisalejandrohb@gmail.com
TUSALUTEE S.A.S;900991080;tusalutee@gmail.com
FUNDACIÓN GRUPO DE APOYO;900201470;fundaciongrupodeapoyo@hotmail.com
FESALUD DEL CESAR S.A.S;900745500;fesaluddelcesar@hotmail.com
"""FUNDACIÓN LA LUZ - CENTRO NACIONAL PARA EL TRATAMIENTO DE LA DROGADICCIÓN""";811004956;direccionchinauta@fundacionlaluz.net
keep Salud Ocupacional SAS;900358105;keepso@hotmail.com
INSTITUTO RADIOLOGICA DEL CESAR E.U;824004688;institutoradiologicodelcesar@gmail.com
CENTRO HOSPITALARIO DE CUIDADO CRITICO DEL LLANO S.A.S.;900969772;calidad.cuidadocritico@gmail.com
DIALY SER S.A.S;900231793;konniev.rodriguez@dialy-ser.com
corporacion con animo;900394422;jpkuyp@hotmail.com
ASSO LTDA ASESORIAS Y SERVICIOS EN SALUD OCUPACIONAL;800017218;saludocupacional@assoltda.com
CENTRO DIAGNOSTICO Y TERAPÉUTICO INTEGRAL LTDA - CEDIATEC;900421621;cediatecltda@gmail.com
MI CLINICA PRIMERO DE MAYO S.A.S;900875222;miclinica1demayo.admon@gmail.com
DIPRESALUD IPS S.A.S;900484031;gerenciadipresalud@outlook.com
CENTRO ELECTRO AUDITIVO NACIONAL AL SERVICIO DE LA REHABILITACION SAS;890316171;clinicaauditivaescucha@ipsceansas.com
IPS OLFIS SAS;900737623;ips@olfis.org
ESE HOSPITAL LOCAL SAN JUAN DE DIOS;890801719;gerencia@esehospitalpensilvania.gov.co
Viva 1A IPS SA;900219120;mcorrea@grupo1a.com.co
ORTHOFAMI SONRIE EN FAMILIA LTDA;900139992;yennykd@hotmail.com
ALTA MED I.P.S. S.A.S.;901101733;calidad@altamed.com.co
CENTRO DE IMAGENES MEDICAS CEDIMED RX S.A.S;900963816;cedimed2015@gmail.com
CLINICAS ODONTOLOGICAS ESPECIALIZADAS ORTHOCLINIC LTDA;900232456;sonrisasorthoclinic@yahoo.com
SUMEDICO SAS;900255832;contabilidad@sumedico.com
EMPRESA SOCIAL DEL ESTADO CAMILO TRUJILLO SILVA;813011505;uaspalestinahuila@yahoo.com
ZIG DENT LTDA;900028426;dentocaresur@hotmail.com
LANDMARK RADIOLOGIA DENTOFACIAL LTDA.;900089131;landmarkradiologia@yahoo.com
ROL POSITIVO SAS;900311736;katherinecaballero@rolpositivo.com
HOSPITAL EN CASA S.A.;805006389;alvaro_hernandez@hopsitalencasa.com.co
INSTITUTO DE FERTILIDAD HUMANA INSER EJE CAFETERO;900483858;enfermeria.pereira@inser.com.co
CENTRO DE EXPERTOS PARA LA ATENCION INTEGRAL IPS SAS;900772053;cgarciacr@cepain.com.co
DIAGNOSTICOS E IMAGENES SAS;830092718;armandopuer@hotmail.com
INSTITUCIÓN PRESTADORA DE SERVICIOS DE SALUD: CENTRO DE NEURODESARROLLO Y TERAPIAS INTEGRALES DE REHABILITACIÓN S.A.S;900985848;ipsconcentirsas@gmail.com
ASISTENCIA CIENTIFICA DE ALTA COMPLEJIDAD SAS;900206215;acacbogota@hotmail.com
JM SALUD OCUPACIONAL EU;900101304;jm.saludocupacional@yahoo.com.ar
JESUS MISERICORDIOSO IPS LTDA;900308505;jesusmisericordiosoipsltda@hotmail.com
CENTRO MEDICO SAN NICOLAS M J SAS;900730623;major_231@hotmail.com
Unidad de Fertilidad Sanitas SAS;900314131;sfiguero@colsanitas.com
CENTRO CUBANO DE RESTAURACION FISICA NEUROLOGICA S.A.S.;900181082;arielp73@yahoo.es
COSMITET LTDA ,CORPORACION DE SERVICIOS MEDICOS INTERNACIONALES THEM Y COMPAÑIA LTDA;830023202;gestion_comercial@cosmitet.net
IPS DEL CABILDO INDIGENA DE CHILES;900089294;ipsindigenachiles@gmail.com
DERMOPLASTIKA S.A.S.;900471364;tamara_1_co@hotmail.com
UNIDAD DE ORIENTACION Y ASISTENCIA MATERNA-ORIENTAME;860049972;ORIENTAME@CABLENET.CO
YAMIL BAJAIRE VILLA & CIA SAS.;800185859;lab.yamilbajairevilla@gmail.com
MEDICAL HEALTH CARE IPS S.A.S.;900699317;servicliente@medips.com
CLINICA ODONTOLOGICA PROTECCION ORAL S.A.S. SIGLA COPO S.A.S.;800189531;contacto@proteccionoral.com
E.S.E. HOSPITAL LOCAL DE TENERIFE;819001302;esehospitaltenerife@hotmail.com
ANDREAS ROTHSTEIN S.A.S;800197749;sisges@lcarlab.com
CLINICA VIDA IPS S.A.S.;819000545;gerencia@clinicavidaips.com
CARDIODIAGNOSTICO S.A;800218024;cardiodiagnostico@hotmail.com
EMPRESA SOCIAL DEL ESTADO HOSPITAL SAN FRANCISCO DE ASIS;891180091;esesanfrancisco891@yahoo.es
Clinica Chia S.A.;800200789;calidad@clinicachia.com
OPTICOSTA EXPRESS IPS SAS;900541703;opticostaexpress@gmail.com
ODONTOPLUS SANTA LUCIA LTDA;900420160;odontoplussantalucia@gmail.com
CARDIOPEDIATRAS LTDA;830103660;CARDIOPEDIATRAS@YAHOO.COM
RVG I.P.S. SAS;900081987;calidad@rvgips.com
ALFA IPS SALUD OCUPACIONAL S.A.S.;901122539;alfaipssaludocupacionalsas@gmail.com
HOSPITAL SAN ROQUE EMPRESA SOCIAL DEL ESTADO NIVEL I;890704495;hospital@hospitalsanroque-coyaima-tolima.gov.co
CENTRO VASCULAR DE BOYACA S.A.S;901158635;claurod1720@hotmail.com
CLINICA NUEVA RAFAEL URIBE URIBE SAS;900891513;jaime.quintero@cnruu.com.co
POLICLINICO DEL CAFÉ S.A.S.;900307907;marcelamaritza@gmail.com
GASTROESTUDIO UNIDAD VIDEOENDOSCOPICA S.A.S.;811007899;albernale@epm.net.co
DENTOPANOREX 3D DIGITAL SAS;900981113;mosoriocastilla@gmail.com
HOSPITAL SANTA BARBARA E.S.E.;890701010;hvenadillo@hotmail.com
RAYOS X E IMAGENES DIAGNOSTICAS RADIOSALUD S.A.S;900115642;radiosaludeu@hotmail.com
DIGIDENT CORDIALIDAD S.A.S.;900446491;digidentcordialidad@digident.com.co
UNIDAD BASICA DE ATENCION PROSANAR LTDA.;900236210;UBAPROSANAR@GMAIL.COM
MOSQUERA A-PRUEBA SAS;900979857;crcmosquerasas@gmail.com
NEW BIOLOGY S.A.S.;900464195;info@newbiology.com.co
GIGAPALMAR SOCIEDAD POR ACCIONES SIMPLIFICADA SIGLA GIGAPALMAR;900344074;contacto@gilmaegarrido.com
CENTRO DE REPRODUCCION Y SALUD DE LA MUJER S.A.S.;900679356;luisemilioescalante@yahoo.com
EMPRESA SOCIAL DEL ESTADO HOSPITAL EL SALVADOR DE UBATE;899999147;gerencia@hospitalubate.gov.co gestiondecalidad@hospitalubate.gov.co
BERMEDIC LTDA;900053442;gabrielber@bermedic.com
SALUD TOTAL EPS-S S.A.;800130907;XXX
CLINICA DE REHABILITACION INTEGRAL HÖWARD GÄRDNER S.A.S;900465827;clinicahowardgardner@gmail.com
COLINBRUS LTDA;900209693;info@colinbrus.com
CAJA COLOMBIANA DE SUBSIDIO FAMILIAR COLSUBSIDIO;860007336;andrea.hernandez3@colsubsidio.com
DENTAL SOLUTION LIMITADA;900028902;admin@dentalsol.com
SISMEDICA LTDA POPAYAN;830015870;sismedica@sismedica.com.co
HOSPITAL DEPARTAMENTAL MARIA INMACULADA ESE;891180098;planeacion@hmi.gov.co
MASMEDICOS IOS S.A.S.;901154336;masmedicosios@gmail.com
Movilmedica de Colombia SAS;900108471;movilmedica@yahoo.com
YOGASPACE IPS SAS;900589573;info@yogaspace.com.co
CLINICA DE DIAGNOSTICO ORAL IPS;900199909;clinicadxoral120210@hotmail.com
MEDPLUS MEDICINA PREPAGADA S.A./MEDPLUS;900178724;grupomedplus@medplus.com.co
MEDICAL ARMONY LIMITADA;900208594;luzalbadg@hotmail.com
CLINICA ODONTOLOGICA BOCAS Y BOQUITAS S.A.S;900580857;bocasyboquitas@hotmail.com
SOCIEDAD N.S.D.R. S.A.S;805023423;ramiro.lozano@clinicanuestra.com
Ruan Rehacer & Cia SAS;830094305;ruanrehacerips@gmail.com
ESE NUESTRA SEÑORA DE LAS NIEVES;900005067;ESELASNIEVESLOSSANTOS@GMAIL.COM
SIESUA MEDICINA LASER & SPA SAS;900067141;gerencia@siesua.com
ODONTO MAX PLUS S.A.S.;900799914;odontomaxplussas@hotmail.com
MEDIDENTAL DEL ATLANTICO S.A.S.;900734985;medidentaldelatlanticos.a.s@hotmail.com
BioSanity Holding SAS;901058097;necd77@gmail.com
FUNDACION DE REHABILITACION INTEGRAL LUDUS;830090289;directorludus@gmail.com
GLOBAL SAFE SALUD S.A.S.;900493038;gerencia@globalsafesalud.com
ECOGRAFIAS DEL LLANO S.A.S;800001077;ecografiasdelllano@gmail.com
HEALTHY KIDS S A S;900885271;healthykidssas@gmail.com
"EMPRESA SOCIAL DEL ESTADO DEL DEPARTAMENTO DEL META ESE ""SOLUCION SALUD""";822006595;gerencia@esemeta.gov.co
CENTRO MEDICO Y NATURISTA LOS OLIVOS SAS;800212860;CMLOSOLIVOS@EPM.NET.CO
MARIA TERESA GALIANO SERVIMED SAS;800021891;administracion@mtgaliano.com
FUNDACIÓN IPS CENTRO DE REHABILITACIÓN INTEGRAL CRISTO REY;900856222;ips-cristorey@hotmail.com
UNIDAD INTEGRAL DE SALUD DE LA ORINOQUIA IPS LTDA;900271118;uisoips@gmail.com
CLINICA NUEVA SONRISA CALIMA S.A.S;900295779;calima@clinicanuevasonrisa.com
FUNDACION CERO A TRES DESARROLLO INFANTIL;901150745;mariac.ramirez@ceroatres.com
COSANMED LTDA;804007178;COSAMENDLTDAIPS@HOTMAIL.COM
HOSPITAL UNIVERSITARIO CLINICA SAN RAFAEL;860015888;direcciongeneral1@ncsanrafael.com.co
LAFAM SAS;900407148;daianna.munoz@lafamvisioncenter.com.co
fundación un nuevo latir;900842700;funlatir@outlook.com
ODONTOLOGIA INTEGRAL ESPECIALIZADA SOAT SAS - OIES SAS;900467864;oiessas@hotmail.com
CENTRO DE MEDICINA BIOLOGICA DR. O`BYRNE Y CIA S. EN C.;800250381;contabilidad@clinicaobyrne.com
INVERSIONES EN RECREACION DEPORTE Y SALUD S.A;830033206;luz.garcia@bodytechcorp.com
INNOVACION DENTAL CLINICAS ODONTOLOGICAS SAS;900435432;innovaciondental@hotmail.com
NEFROUROS MOM SAS;900123612;gerenciapitalito@nefrouros.net
UNIDAD MEDICA SU SALUD E.U;824004633;auditoria@unidadmedicasusalud.com
UNIDAD DE SALUD OCUPACIONAL S.A.S;805002036;gestioncalidad@unidadso.com.co
FUNDACION SINDROME DE DOWN DEL HUILA;800203841;fundsdh@hotmail.com
ASOCIACION PROBIENESTAR DE LA FAMILIA COLOMBIANA PROFAMILIA;860013779;mroyo@profamilia.org.co
BOSTON MEDICAL GROUP DE COLOMBIA SAS;900291373;jsaffon@bostonmedical.com.co
"CORPORACION SEMILLAS DE FE ""COMUNIDAD TERAPEUTICA"" CENTRO DE ATENCION EN DROGODEPENDENCIAS IPS";811035201;info@semillasdefe.com
DIRECCION DE SANIDAD POLICIA NACIONAL;830041314;denor.grusa-garca@policia.gov.co
GASTROLAP S.A.S.;900329923;gastrolap.admon@gmail.com
LABORATORIO CLINICO SAN FERNANDO DEL PUERTO SAS;900708318;leandra645@hotmail.com
REHABILITACION MEDICA INTEGRAL LTDA;830502470;rimedica@hotmail.com
OPTICA COLOMBIANA S.A.S;860001449;contab@opticacolombiana.com
UNIOTO S.A.S;901089504;acastiltda@hotmail.com
MANTILLA SILVA S.A.S.;900134936;clinilopman@yahoo.com
FUNDOVIDA IPS SAS;901110265;fundovidaips@gmail.com
CORPORACION MI IPS NARIÑO;814006380;mequinterop@miips.com.co
LAFAM SAS;900407148;harold.rivera@lafam.com.co
